{
  "IsEncrypted": false,
  "Values": {
    "AzureWebJobsStorage": "UseDevelopmentStorage=true",
    "FUNCTIONS_WORKER_RUNTIME": "python",
    "PYTHON_ENABLE_WORKER_EXTENSIONS": "1",

    "AZURE_STORAGE_CONNECTION_STRING": "<storage_connection_string>",
    "AZURE_BLOB_CONTAINER": "events",

    "ENVIRONMENT": "local",

    "SNOWFLAKE_ACCOUNT": "<account_identifier>",
    "SNOWFLAKE_USER": "<username>",
    "SNOWFLAKE_WAREHOUSE": "<warehouse_name>",
    "SNOWFLAKE_DATABASE": "<database_name>",
    "SNOWFLAKE_SCHEMA": "PUBLIC",
    "SNOWFLAKE_TABLE": "delete_tracker",

    "_comment_auth": "Use EITHER password OR private_key_path (RSA key recommended for production)",
    "SNOWFLAKE_PASSWORD": "<password>",
    "SNOWFLAKE_PRIVATE_KEY_PATH": "certs/snowflake_rsa_key.p8"
  }
}

